{
  "ABIRoot": {
    "kind": "Root",
    "name": "lynxapi",
    "printedName": "lynxapi",
    "children": [
      {
        "kind": "Import",
        "name": "Foundation",
        "printedName": "Foundation",
        "declKind": "Import",
        "moduleName": "lynxapi",
        "declAttributes": [
          "RawDocComment"
        ]
      },
      {
        "kind": "Import",
        "name": "UIKit",
        "printedName": "UIKit",
        "declKind": "Import",
        "moduleName": "lynxapi"
      },
      {
        "kind": "TypeDecl",
        "name": "LinkResults",
        "printedName": "LinkResults",
        "children": [
          {
            "kind": "Var",
            "name": "link",
            "printedName": "link",
            "children": [
              {
                "kind": "TypeNominal",
                "name": "String",
                "printedName": "Swift.String",
                "usr": "s:SS"
              }
            ],
            "declKind": "Var",
            "usr": "s:7lynxapi11LinkResultsV4linkSSvp",
            "mangledName": "$s7lynxapi11LinkResultsV4linkSSvp",
            "moduleName": "lynxapi",
            "declAttributes": [
              "HasStorage",
              "AccessControl"
            ],
            "isLet": true,
            "hasStorage": true,
            "accessors": [
              {
                "kind": "Accessor",
                "name": "Get",
                "printedName": "Get()",
                "children": [
                  {
                    "kind": "TypeNominal",
                    "name": "String",
                    "printedName": "Swift.String",
                    "usr": "s:SS"
                  }
                ],
                "declKind": "Accessor",
                "usr": "s:7lynxapi11LinkResultsV4linkSSvg",
                "mangledName": "$s7lynxapi11LinkResultsV4linkSSvg",
                "moduleName": "lynxapi",
                "implicit": true,
                "accessorKind": "get"
              }
            ]
          },
          {
            "kind": "Var",
            "name": "confidence",
            "printedName": "confidence",
            "children": [
              {
                "kind": "TypeNominal",
                "name": "Float",
                "printedName": "Swift.Float",
                "usr": "s:Sf"
              }
            ],
            "declKind": "Var",
            "usr": "s:7lynxapi11LinkResultsV10confidenceSfvp",
            "mangledName": "$s7lynxapi11LinkResultsV10confidenceSfvp",
            "moduleName": "lynxapi",
            "declAttributes": [
              "HasStorage",
              "AccessControl"
            ],
            "isLet": true,
            "hasStorage": true,
            "accessors": [
              {
                "kind": "Accessor",
                "name": "Get",
                "printedName": "Get()",
                "children": [
                  {
                    "kind": "TypeNominal",
                    "name": "Float",
                    "printedName": "Swift.Float",
                    "usr": "s:Sf"
                  }
                ],
                "declKind": "Accessor",
                "usr": "s:7lynxapi11LinkResultsV10confidenceSfvg",
                "mangledName": "$s7lynxapi11LinkResultsV10confidenceSfvg",
                "moduleName": "lynxapi",
                "implicit": true,
                "accessorKind": "get"
              }
            ]
          },
          {
            "kind": "Var",
            "name": "openCount",
            "printedName": "openCount",
            "children": [
              {
                "kind": "TypeNominal",
                "name": "Int",
                "printedName": "Swift.Int",
                "usr": "s:Si"
              }
            ],
            "declKind": "Var",
            "usr": "s:7lynxapi11LinkResultsV9openCountSivp",
            "mangledName": "$s7lynxapi11LinkResultsV9openCountSivp",
            "moduleName": "lynxapi",
            "declAttributes": [
              "HasStorage",
              "AccessControl"
            ],
            "isLet": true,
            "hasStorage": true,
            "accessors": [
              {
                "kind": "Accessor",
                "name": "Get",
                "printedName": "Get()",
                "children": [
                  {
                    "kind": "TypeNominal",
                    "name": "Int",
                    "printedName": "Swift.Int",
                    "usr": "s:Si"
                  }
                ],
                "declKind": "Accessor",
                "usr": "s:7lynxapi11LinkResultsV9openCountSivg",
                "mangledName": "$s7lynxapi11LinkResultsV9openCountSivg",
                "moduleName": "lynxapi",
                "implicit": true,
                "accessorKind": "get"
              }
            ]
          },
          {
            "kind": "Constructor",
            "name": "init",
            "printedName": "init(link:confidence:openCount:)",
            "children": [
              {
                "kind": "TypeNominal",
                "name": "LinkResults",
                "printedName": "lynxapi.LinkResults",
                "usr": "s:7lynxapi11LinkResultsV"
              },
              {
                "kind": "TypeNominal",
                "name": "String",
                "printedName": "Swift.String",
                "usr": "s:SS"
              },
              {
                "kind": "TypeNominal",
                "name": "Float",
                "printedName": "Swift.Float",
                "usr": "s:Sf"
              },
              {
                "kind": "TypeNominal",
                "name": "Int",
                "printedName": "Swift.Int",
                "usr": "s:Si"
              }
            ],
            "declKind": "Constructor",
            "usr": "s:7lynxapi11LinkResultsV4link10confidence9openCountACSS_SfSitcfc",
            "mangledName": "$s7lynxapi11LinkResultsV4link10confidence9openCountACSS_SfSitcfc",
            "moduleName": "lynxapi",
            "declAttributes": [
              "AccessControl"
            ],
            "init_kind": "Designated"
          }
        ],
        "declKind": "Struct",
        "usr": "s:7lynxapi11LinkResultsV",
        "mangledName": "$s7lynxapi11LinkResultsV",
        "moduleName": "lynxapi",
        "declAttributes": [
          "AccessControl"
        ],
        "conformances": [
          {
            "kind": "Conformance",
            "name": "Copyable",
            "printedName": "Copyable",
            "usr": "s:s8CopyableP",
            "mangledName": "$ss8CopyableP"
          },
          {
            "kind": "Conformance",
            "name": "Escapable",
            "printedName": "Escapable",
            "usr": "s:s9EscapableP",
            "mangledName": "$ss9EscapableP"
          }
        ]
      },
      {
        "kind": "TypeDecl",
        "name": "Lynx",
        "printedName": "Lynx",
        "children": [
          {
            "kind": "Var",
            "name": "apiKey",
            "printedName": "apiKey",
            "children": [
              {
                "kind": "TypeNominal",
                "name": "String",
                "printedName": "Swift.String",
                "usr": "s:SS"
              }
            ],
            "declKind": "Var",
            "usr": "s:7lynxapi4LynxC6apiKeySSvp",
            "mangledName": "$s7lynxapi4LynxC6apiKeySSvp",
            "moduleName": "lynxapi",
            "declAttributes": [
              "Final",
              "HasStorage",
              "AccessControl"
            ],
            "isLet": true,
            "hasStorage": true,
            "accessors": [
              {
                "kind": "Accessor",
                "name": "Get",
                "printedName": "Get()",
                "children": [
                  {
                    "kind": "TypeNominal",
                    "name": "String",
                    "printedName": "Swift.String",
                    "usr": "s:SS"
                  }
                ],
                "declKind": "Accessor",
                "usr": "s:7lynxapi4LynxC6apiKeySSvg",
                "mangledName": "$s7lynxapi4LynxC6apiKeySSvg",
                "moduleName": "lynxapi",
                "implicit": true,
                "declAttributes": [
                  "Final"
                ],
                "accessorKind": "get"
              }
            ]
          },
          {
            "kind": "Constructor",
            "name": "init",
            "printedName": "init(apiKey:)",
            "children": [
              {
                "kind": "TypeNominal",
                "name": "Lynx",
                "printedName": "lynxapi.Lynx",
                "usr": "s:7lynxapi4LynxC"
              },
              {
                "kind": "TypeNominal",
                "name": "String",
                "printedName": "Swift.String",
                "usr": "s:SS"
              }
            ],
            "declKind": "Constructor",
            "usr": "s:7lynxapi4LynxC6apiKeyACSS_tcfc",
            "mangledName": "$s7lynxapi4LynxC6apiKeyACSS_tcfc",
            "moduleName": "lynxapi",
            "declAttributes": [
              "AccessControl"
            ],
            "init_kind": "Designated"
          },
          {
            "kind": "Function",
            "name": "remoteLog",
            "printedName": "remoteLog(_:)",
            "children": [
              {
                "kind": "TypeNominal",
                "name": "Void",
                "printedName": "()"
              },
              {
                "kind": "TypeNominal",
                "name": "String",
                "printedName": "Swift.String",
                "usr": "s:SS"
              }
            ],
            "declKind": "Func",
            "usr": "s:7lynxapi4LynxC9remoteLogyySSF",
            "mangledName": "$s7lynxapi4LynxC9remoteLogyySSF",
            "moduleName": "lynxapi",
            "declAttributes": [
              "Final",
              "AccessControl"
            ],
            "funcSelfKind": "NonMutating"
          },
          {
            "kind": "Function",
            "name": "checkForLink",
            "printedName": "checkForLink()",
            "children": [
              {
                "kind": "TypeNominal",
                "name": "LinkResults",
                "printedName": "lynxapi.LinkResults",
                "usr": "s:7lynxapi11LinkResultsV"
              }
            ],
            "declKind": "Func",
            "usr": "s:7lynxapi4LynxC12checkForLinkAA0E7ResultsVyF",
            "mangledName": "$s7lynxapi4LynxC12checkForLinkAA0E7ResultsVyF",
            "moduleName": "lynxapi",
            "declAttributes": [
              "Final",
              "AccessControl"
            ],
            "funcSelfKind": "NonMutating"
          }
        ],
        "declKind": "Class",
        "usr": "s:7lynxapi4LynxC",
        "mangledName": "$s7lynxapi4LynxC",
        "moduleName": "lynxapi",
        "declAttributes": [
          "Final",
          "AccessControl"
        ],
        "conformances": [
          {
            "kind": "Conformance",
            "name": "Copyable",
            "printedName": "Copyable",
            "usr": "s:s8CopyableP",
            "mangledName": "$ss8CopyableP"
          },
          {
            "kind": "Conformance",
            "name": "Escapable",
            "printedName": "Escapable",
            "usr": "s:s9EscapableP",
            "mangledName": "$ss9EscapableP"
          }
        ]
      }
    ],
    "json_format_version": 8
  },
  "ConstValues": []
}